{
	"class_name" : "PinholeCameraParameters",
	"extrinsic" : 
	[
		-0.8184462029425883,
		-0.21948158375838966,
		0.53101190879279592,
		0.0,
		0.02836578462888753,
		-0.93847602572927047,
		-0.34417747078183564,
		0.0,
		0.57388256215993105,
		-0.2666281746595861,
		0.77431790714566984,
		0.0,
		-0.013799647042043284,
		-0.024010993581998985,
		2.2309729200760056,
		1.0
	],
	"intrinsic" : 
	{
		"height" : 600,
		"intrinsic_matrix" : 
		[
			519.6152422706632,
			0.0,
			0.0,
			0.0,
			519.6152422706632,
			0.0,
			299.5,
			299.5,
			1.0
		],
		"width" : 600
	},
	"version_major" : 1,
	"version_minor" : 0
}